video,short-term_memorability,nb_short-term_annotations,long-term_memorability,nb_long-term_annotations
7494,0.867848,33,0.785076667,12
7495,0.76876,34,0.783896778,10
7496,0.916276111,32,0.812140889,13
7497,0.904047667,33,0.822459333,10
7498,0.816415,33,0.640018333,10
7499,0.905853397,33,0.793399873,13
7500,0.833543333,33,0.730125556,10
7502,0.889066852,43,0.772388667,15
7503,0.913852222,33,0.796539,11
7504,0.880287683,33,0.823500138,15
7505,0.820676074,38,0.779757759,10
7506,0.811557063,34,0.763026667,10
7507,0.811662222,34,0.756664444,12
7508,0.866826804,33,0.82716,14
7510,0.876224159,33,0.803552444,11
7511,0.896622905,34,0.812529333,18
7513,0.897352532,34,0.831513238,19
7515,0.87818037,33,0.781631222,13
7516,0.923099545,34,0.848331076,11
7517,0.851573333,33,0.721781111,13
7518,0.862552037,33,0.795053407,10
7519,0.86837,32,0.724215556,10
7520,0.89463,33,0.759815,14
7521,0.855681111,34,0.698009556,14
7522,0.908491,33,0.873483429,16
7523,0.868143889,34,0.908305778,14
7524,0.850578222,50,0.709133889,22
7525,0.857902619,42,0.717808571,10
7526,0.819357667,31,0.733991556,20
7527,0.856452937,33,0.737318053,17
7528,0.844377333,32,0.784642333,10
7530,0.895639238,34,0.830558222,11
7531,0.854201492,33,0.801623683,14
7532,0.773586593,33,0.874098648,14
7533,0.889025833,34,0.895365833,9
7534,0.87494197,34,0.80624481,10
7535,0.880950889,34,0.783521444,10
7536,0.855193056,46,0.705121389,11
7538,0.931024889,34,0.817361333,10
7539,0.864610677,32,0.779948889,10
7540,0.8665,33,0.80267,10
7541,0.855234889,35,0.759327778,10
7542,0.917529556,33,0.843671722,12
7543,0.738813333,33,0.61514,12
7544,0.866493556,34,0.799288667,11
7545,0.891839222,33,0.856726222,13
7546,0.900653042,34,0.852380984,14
7548,0.83472601,38,0.743381919,9
7549,0.867164619,34,0.752731841,13
7550,0.914390778,56,0.800178333,21
7552,0.570274206,32,0.541498693,16
7554,0.886524818,51,0.83730555,24
7555,0.900092222,55,0.894657778,13
7556,0.871170833,33,0.596273333,19
7558,0.721347778,33,0.734101111,16
7560,0.896345296,33,0.81116,12
7562,0.821957405,33,0.736263944,10
7563,0.891551333,32,0.820624,16
7565,0.779517778,34,0.765372222,10
7566,0.954460722,34,0.763213389,13
7567,0.826498222,32,0.643053,12
7568,0.887999889,34,0.796799556,13
7569,0.865580019,43,0.819924,10
7571,0.885645333,32,0.814783778,11
7572,0.878562444,34,0.708164444,11
7573,0.882543444,37,0.809745667,11
7574,0.887967487,36,0.860696487,12
7575,0.888075222,34,0.814913333,14
7576,0.848054111,33,0.715543333,12
7578,0.865190095,47,0.777029397,11
7579,0.947648175,33,0.688630222,15
7580,0.809816389,33,0.770973333,17
7581,0.868795556,33,0.764932889,14
7582,0.838556333,34,0.653681111,10
7584,0.883297333,34,0.802822667,10
7585,0.893689619,41,0.786612608,16
7587,0.83654,33,0.747183333,16
7588,0.865484889,76,0.849253111,16
7589,0.877097815,35,0.807507444,11
7590,0.915577778,58,0.922960556,13
7591,0.947524259,34,0.894034222,10
7592,0.922268111,33,0.655435333,11
7593,0.821970667,33,0.694088,15
7596,0.921962,33,0.801920667,12
7597,0.90494,33,0.834425,11
7598,0.852507444,32,0.839978889,11
7599,0.916509444,32,0.87781,14
7600,0.905615556,34,0.886522222,9
7602,0.806176111,33,0.838696667,10
7603,0.877193901,34,0.801007801,24
7604,0.921113333,42,0.695846667,10
7605,0.904246111,39,0.880668889,11
7606,0.851936508,34,0.784083333,10
7607,0.722293333,33,0.85534,12
7608,0.894991444,36,0.816979889,12
7609,0.878801263,33,0.712046616,16
7610,0.904334333,66,0.836447778,15
7611,0.926059667,33,0.758975556,20
7612,0.895134444,35,0.846296667,16
7613,0.884292444,32,0.809501556,10
7614,0.886954667,32,0.803442222,11
7615,0.881829063,33,0.838866667,12
7616,0.718437778,33,0.709585778,10
7617,0.857094222,32,0.707897762,18
7618,0.862317593,34,0.818875556,11
7619,0.869290148,34,0.757325778,11
7621,0.852510103,33,0.80288,12
7624,0.852897706,33,0.78168673,20
7625,0.819814444,34,0.660617333,10
7626,0.897289667,33,0.861826667,12
7627,0.903357778,35,0.818024444,17
7628,0.901314545,34,0.853996061,12
7629,0.863669611,70,0.763366667,12
7631,0.916706667,33,0.846906667,10
7632,0.912532222,33,0.80687,15
7633,0.907543667,32,0.82436,16
7634,0.9145295,44,0.874483333,12
7635,0.8614835,33,0.84254,12
7636,0.767205778,32,0.723655127,10
7637,0.919526944,34,0.866591944,15
7638,0.879636037,34,0.822534222,13
7640,0.855193056,34,0.705121389,13
7641,0.876850183,34,0.81208,17
7642,0.819708778,39,0.733958556,10
7643,0.862999709,34,0.812875885,10
7644,0.846692354,44,0.789489762,9
7646,0.913426667,43,0.834464667,10
7647,0.732266667,32,0.796173333,13
7648,0.802189554,44,0.81227448,10
7649,0.874712778,34,0.824141111,11
7650,0.849695714,31,0.750554,12
7651,0.903382222,33,0.874797556,10
7652,0.851436037,33,0.74966,18
7654,0.846797333,34,0.808264444,9
7655,0.852974516,33,0.79266,11
7656,0.839506667,34,0.742401111,13
7657,0.82692,46,0.686826667,10
7659,0.832838619,31,0.775764344,11
7660,0.896839683,33,0.823128556,12
7661,0.785259175,35,0.724788016,13
7662,0.863741352,34,0.80394,10
7664,0.894912778,32,0.830326667,10
7665,0.881233063,33,0.844042222,10
7667,0.870838444,38,0.7603,12
7669,0.872367159,33,0.835035794,12
7670,0.858816667,34,0.68846,10
7671,0.709296,33,0.566181333,9
7672,0.880332556,68,0.832223333,15
7673,0.896033333,35,0.8415,11
7674,0.92415577,33,0.873391111,10
7675,0.868296667,38,0.85445,12
7676,0.830069495,34,0.742442516,17
7677,0.794041841,33,0.770023778,11
7678,0.944215981,34,0.855382815,10
7679,0.847958444,33,0.784132794,10
7680,0.866574667,32,0.816477778,13
7681,0.74314727,34,0.65035354,10
7682,0.887613889,33,0.819917,12
7683,0.901734339,36,0.780367672,11
7686,0.9316,33,0.787673333,11
7687,0.915523664,36,0.921237587,13
7688,0.844506667,33,0.567206667,12
7689,0.802103857,33,0.613471587,12
7690,0.816792169,33,0.68793754,19
7691,0.890182011,32,0.852337778,14
7692,0.785818,34,0.775358333,11
7694,0.902320185,34,0.827833333,12
7696,0.906090714,33,0.827255556,14
7697,0.931131706,34,0.878689802,11
7698,0.821493667,50,0.755576889,15
7699,0.876742915,34,0.84186,11
7701,0.889456878,90,0.872408889,10
7702,0.903305683,33,0.837335373,14
7703,0.828864,51,0.797826,12
7704,0.791829222,33,0.645806889,9
7705,0.876063759,32,0.818957778,17
7706,0.90042,33,0.822613333,12
7707,0.80014359,34,0.534546667,11
7710,0.9187,31,0.86926,17
7711,0.919732286,46,0.815029222,14
7713,0.875107667,33,0.835094,17
7714,0.847118833,34,0.7701935,12
7715,0.849495913,33,0.758951206,12
7716,0.769547804,44,0.774253333,10
7717,0.924280667,32,0.898811111,13
7718,0.86775,33,0.697826667,10
7719,0.913553333,33,0.897753333,11
7720,0.873218675,33,0.820073341,13
7721,0.767171905,41,0.775254365,17
7722,0.894235,34,0.881633333,16
7723,0.877467175,33,0.794887667,17
7724,0.906843333,33,0.843003333,10
7725,0.891810542,34,0.750444341,12
7726,0.853600047,43,0.834392639,9
7728,0.87399,34,0.819131111,14
7729,0.871232296,48,0.804304148,11
7731,0.924448667,33,0.833358389,11
7732,0.833424778,33,0.837626667,10
7736,0.908557778,33,0.852024444,12
7737,0.894129148,33,0.87361563,12
7738,0.879978333,35,0.827503333,9
7739,0.840908111,34,0.860413333,12
7740,0.882334444,33,0.796134444,11
7741,0.82563859,31,0.747418739,13
7742,0.905278815,34,0.848167778,9
7743,0.908837859,34,0.776730606,10
7745,0.825259993,34,0.782725505,12
7746,0.785981111,33,0.758585556,9
7748,0.836948889,50,0.611404444,15
7749,0.83800786,34,0.745353333,12
7751,0.931455291,33,0.859618241,15
7752,0.844753968,33,0.723830476,13
7753,0.922943333,38,0.807251556,10
7754,0.897252222,33,0.810967222,10
7756,0.827010833,42,0.774909167,11
7757,0.903639175,34,0.8277,13
7758,0.88125464,37,0.792933333,14
7759,0.843022013,33,0.855308209,13
7760,0.885638889,33,0.876781111,11
7761,0.783828333,33,0.745671667,24
7762,0.940672214,34,0.809571944,15
7763,0.844102641,33,0.70627743,10
7769,0.907251389,33,0.700031944,10
7770,0.879633698,38,0.778402,9
7771,0.878965397,30,0.830846667,10
7772,0.919994498,34,0.810389005,15
7773,0.888639444,34,0.802779444,11
7774,0.904519,34,0.863959667,10
7775,0.893126667,38,0.778626667,11
7777,0.839142556,32,0.808448889,11
7780,0.873996249,41,0.732988,12
7782,0.888566,34,0.820302667,19
7783,0.873195889,44,0.834931111,11
7784,0.86222527,34,0.642615429,12
7785,0.886379905,33,0.722827063,10
7786,0.849756119,32,0.802586111,9
7787,0.794363333,33,0.820959889,15
7788,0.886119,31,0.833859333,10
7789,0.905512055,34,0.863601645,10
7792,0.90978,34,0.856566667,10
7793,0.826339444,51,0.698043889,13
7795,0.854335952,33,0.766347619,12
7799,0.882401262,33,0.67066477,10
7800,0.838885,33,0.77568,16
7801,0.805781667,40,0.78689,12
7802,0.885930111,33,0.789357185,10
7803,0.880264889,34,0.802998889,10
7804,0.883558889,34,0.700456667,11
7805,0.758400556,32,0.734314444,10
7806,0.823421444,32,0.778060222,11
7807,0.917685333,33,0.841849778,11
7808,0.920733333,34,0.912106667,15
7809,0.805572889,32,0.735166778,17
7811,0.894946365,35,0.839954937,10
7812,0.856998904,52,0.768272809,11
7813,0.872600071,33,0.809553636,14
7815,0.892910556,32,0.831431111,14
7816,0.763581984,54,0.59380273,12
7817,0.885225466,33,0.825821032,15
7818,0.898618833,40,0.799811611,12
7819,0.805572889,32,0.735166778,16
7820,0.827053905,44,0.787430885,15
7821,0.858107444,30,0.860062889,13
7822,0.889898944,33,0.753715222,10
7823,0.857101667,33,0.857326667,14
7824,0.866624849,32,0.814712984,9
7825,0.893160444,34,0.833308667,14
7826,0.909358333,33,0.853642222,10
7828,0.878525111,32,0.786115556,13
7830,0.963593333,33,0.90288,13
7831,0.920469048,32,0.899233333,10
7832,0.835479778,34,0.777373333,13
7833,0.906780444,31,0.723773333,14
7834,0.817935397,34,0.777466667,11
7835,0.825823333,34,0.727026667,9
7837,0.878767778,33,0.797672778,12
7838,0.902317778,34,0.884408222,10
7839,0.834764222,33,0.689822222,10
7840,0.819845,35,0.655793333,10
7841,0.83410873,49,0.774156667,14
7842,0.86667419,34,0.801214317,12
7844,0.797496667,30,0.68977,14
7846,0.877578389,34,0.756221389,9
7848,0.848105556,33,0.823984444,10
7849,0.870619857,33,0.804687143,10
7851,0.906226889,32,0.819005111,10
7852,0.846776111,31,0.771952222,10
7853,0.871155397,40,0.856402667,10
7854,0.830797683,32,0.725333333,12
7856,0.83575619,33,0.720470481,11
7858,0.910686667,55,0.78358,10
7861,0.889591524,33,0.843868014,16
7862,0.879659386,38,0.800470862,9
7863,0.841118889,50,0.737567778,12
7865,0.89346773,32,0.84312,10
7867,0.863057093,33,0.725408123,13
7868,0.797068889,33,0.721872222,13
7869,0.909822857,33,0.908297619,12
7872,0.772960667,37,0.749686667,10
7873,0.875747127,47,0.758405603,12
7874,0.873709444,32,0.667183333,12
7875,0.920304302,33,0.838833,10
7878,0.900101032,34,0.865637222,10
7879,0.851311667,33,0.773299556,9
7880,0.773396444,48,0.746950444,19
7883,0.936068091,34,0.810330142,12
7884,0.905618381,34,0.812492222,11
7885,0.91177,41,0.870066667,10
7886,0.913710063,34,0.857539746,11
7887,0.885101333,34,0.757626667,9
7888,0.85286427,33,0.759531333,10
7889,0.900188667,34,0.782124667,15
7890,0.890193333,34,0.744676667,14
7891,0.890027878,34,0.862207389,10
7892,0.878700699,39,0.837934237,12
7893,0.890430707,32,0.821778838,12
7894,0.924594667,33,0.827380667,15
7895,0.854687222,32,0.657744444,10
7896,0.878930786,71,0.901676817,33
7897,0.901505,33,0.853766667,10
7898,0.863331508,35,0.76222469,10
7899,0.909895444,33,0.850036,11
7901,0.915175108,31,0.763240886,28
7902,0.802274667,33,0.666326667,11
7903,0.78909,34,0.696411667,11
7904,0.877463127,33,0.78653946,10
7906,0.823257222,33,0.635648889,11
7907,0.857813381,34,0.754716365,15
7908,0.859780556,51,0.789401111,12
7909,0.813236111,32,0.7311,11
7910,0.841335556,34,0.715381111,17
7912,0.783451111,31,0.698901111,11
7913,0.866616667,32,0.67193,11
7915,0.903514,34,0.798354889,13
7916,0.899473333,33,0.82094,13
7917,0.825198452,33,0.844232444,11
7918,0.891031556,34,0.851109556,10
7919,0.872236011,32,0.833701111,11
7920,0.901845444,33,0.834925947,19
7921,0.853693032,34,0.678627071,12
7923,0.809990545,33,0.699530476,9
7925,0.731091667,32,0.764566667,14
7926,0.894113963,31,0.852123778,12
7927,0.846015204,33,0.809261,13
7928,0.832187503,33,0.826457346,10
7929,0.866468889,51,0.735366667,10
7930,0.912997222,33,0.795871111,10
7931,0.80817273,33,0.744032333,12
7933,0.842680434,33,0.728412778,11
7935,0.883694778,34,0.789430667,9
7936,0.841534968,32,0.729752143,13
7939,0.909879222,33,0.819845556,13
7940,0.840849807,33,0.802259159,15
7941,0.840750767,45,0.72495741,12
7942,0.891970778,38,0.843238019,10
7944,0.849258333,34,0.794213889,12
7945,0.905240278,46,0.841564444,13
7946,0.906137981,33,0.868946667,15
7947,0.80819,34,0.796363333,11
7948,0.879531667,32,0.822578,10
7951,0.868049376,32,0.793982831,12
7952,0.920346667,33,0.791013333,11
7953,0.863563111,34,0.630713444,25
7954,0.886953636,34,0.872332603,10
7955,0.845873889,33,0.8723,10
7956,0.866693093,34,0.818186667,13
7957,0.870057698,34,0.770005079,13
7958,0.86498923,33,0.766270778,16
7959,0.891344,34,0.818958778,10
7961,0.865173611,34,0.834980833,11
7962,0.832828108,33,0.804093333,19
7963,0.928336333,34,0.899537333,12
7964,0.845311667,33,0.759936111,11
7967,0.912757704,33,0.868377333,16
7969,0.768080167,33,0.7794,12
7970,0.881815,82,0.814977222,24
7972,0.828859667,33,0.660093333,10
7973,0.885717333,33,0.780907389,11
7975,0.838427683,43,0.861286175,11
7976,0.86232,32,0.879866667,9
7977,0.922626333,51,0.741902667,32
7980,0.85033381,47,0.658689524,10
7981,0.860921444,59,0.786030111,12
7983,0.943520333,32,0.765026667,16
7984,0.912210111,35,0.756074778,12
7985,0.86820946,34,0.830971397,12
7986,0.938063175,33,0.835584603,15
7987,0.911571731,32,0.865320719,18
7988,0.878013611,41,0.850293333,14
7990,0.875507302,33,0.777261873,11
7991,0.885895556,33,0.827575556,10
7992,0.857330611,32,0.835877389,10
7993,0.9316,33,0.787673333,10
7994,0.867523413,32,0.830281063,18
7995,0.863928349,30,0.794543556,22
7996,0.908491,34,0.873483429,12
7997,0.851224444,50,0.857166111,12
7998,0.844753968,48,0.723830476,10
7999,0.893103508,34,0.834764444,17
8000,0.883081138,34,0.841553333,10
8001,0.821819978,54,0.757731739,15
8002,0.876791818,33,0.839933394,12
8004,0.883355481,34,0.796956667,12
8008,0.886953636,33,0.872332603,16
8009,0.861090108,33,0.810766667,11
8010,0.902853905,33,0.860509595,15
8012,0.855688508,39,0.689655556,10
8013,0.85254485,33,0.743705565,16
8014,0.898323119,33,0.80212,10
8015,0.828596667,33,0.724073333,18
8016,0.907448222,34,0.836271778,12
8018,0.8387725,33,0.744317056,12
8019,0.874916168,34,0.737918211,14
8021,0.774635,35,0.840043111,11
8022,0.775013333,34,0.697233333,9
8023,0.895646111,33,0.736141111,15
8024,0.882348667,55,0.826113333,16
8026,0.856818556,33,0.785901,15
8027,0.853600047,42,0.834392639,9
8028,0.719951111,33,0.708068889,11
8029,0.881808889,32,0.77047,16
8030,0.794889667,33,0.671180556,11
8032,0.868301444,32,0.765724,10
8033,0.898789857,59,0.846606905,10
8035,0.838714175,34,0.881949074,18
8036,0.884757423,32,0.834066667,11
8037,0.923318889,59,0.806254444,16
8038,0.893104111,33,0.761594444,15
8040,0.924734424,33,0.8424618,18
8041,0.865535926,32,0.812506667,18
8042,0.909234444,32,0.831656111,12
8043,0.889540444,34,0.900339333,11
8044,0.865278548,33,0.740560389,13
8045,0.896399111,32,0.755483111,17
8047,0.904026944,32,0.862512778,11
8048,0.861604167,33,0.843891667,18
8049,0.828929502,33,0.7952943,13
8050,0.918421143,32,0.865141828,10
8051,0.878304667,33,0.758632095,13
8052,0.872061722,33,0.825976,11
8054,0.858941524,32,0.894233333,10
8056,0.930977407,37,0.885613333,13
8057,0.877608429,34,0.847699913,15
8058,0.865183603,62,0.800947587,24
8059,0.777683333,33,0.74771,12
8060,0.887222127,57,0.774310227,17
8061,0.815723222,38,0.829244889,11
8062,0.824177619,33,0.72849,13
8063,0.851739206,79,0.745851032,19
8064,0.877528413,33,0.835992205,10
8065,0.770397265,33,0.714065135,11
8066,0.817924627,41,0.705511722,12
8067,0.838778778,32,0.741753111,11
8068,0.960233333,33,0.87088,10
8069,0.720431667,34,0.65391,11
8071,0.854154667,33,0.80942,10
8072,0.86518219,55,0.783611365,35
8073,0.91140073,32,0.90388,13
8074,0.862238352,32,0.797515111,17
8075,0.911424794,33,0.841523175,13
8076,0.880089167,52,0.825657778,12
8077,0.821688726,33,0.791817282,10
8078,0.918203444,33,0.864585635,17
8079,0.839130444,35,0.731813,10
8080,0.88488,34,0.830276667,10
8081,0.880257635,32,0.762067857,11
8082,0.746593937,34,0.861743175,16
8084,0.871911675,34,0.746215897,14
8085,0.809274519,33,0.706266667,10
8086,0.876290556,50,0.737511111,15
8087,0.854613889,33,0.710545,11
8088,0.889490032,33,0.807602349,11
8089,0.852639937,33,0.906696651,10
8090,0.8374825,32,0.780987778,12
8091,0.914484444,34,0.831873333,12
8092,0.850134889,33,0.786044778,14
8095,0.869897444,34,0.728551889,10
8096,0.921516111,32,0.872226667,14
8097,0.872379667,42,0.81844,13
8098,0.878682156,34,0.855933333,11
8100,0.867790796,33,0.734038,10
8101,0.799332778,97,0.761558333,34
8102,0.878874783,32,0.776142942,10
8103,0.869816667,33,0.873203056,10
8104,0.813626796,33,0.721493722,11
8105,0.786281111,34,0.638651111,16
8108,0.897306667,32,0.630653333,10
8109,0.963593333,86,0.90288,22
8110,0.860495185,33,0.75264,13
8111,0.89466,34,0.853676667,13
8112,0.865044667,33,0.839832,10
8113,0.874323571,35,0.775944563,10
8114,0.859882667,32,0.667435333,16
8115,0.831247333,33,0.778551667,11
8118,0.747246667,34,0.737604444,13
8120,0.849632288,33,0.755461308,11
8121,0.904374167,32,0.873015,16
8122,0.899804444,34,0.810671111,12
8123,0.827762556,30,0.765870556,9
8124,0.925747223,32,0.823471037,10
8126,0.870093222,33,0.769432444,12
8127,0.833639556,33,0.746538444,13
8128,0.805530063,33,0.75202,15
8131,0.879659386,34,0.800470862,11
8132,0.805168802,51,0.766959048,13
8134,0.885323175,33,0.81306,13
8136,0.823799841,35,0.69733381,10
8137,0.84156596,33,0.771244081,15
8138,0.873058053,33,0.792421077,13
8140,0.894521032,33,0.811813968,11
8142,0.848245111,33,0.795803127,9
8145,0.860674261,33,0.78204726,16
8146,0.894589667,45,0.84629,17
8147,0.866319111,34,0.771430693,13
8149,0.813620222,34,0.824350333,10
8150,0.76847096,34,0.748871365,17
8151,0.826338185,33,0.667377291,11
8152,0.884755127,45,0.706149492,22
8153,0.862652921,33,0.813081397,10
8155,0.870651778,65,0.824998889,10
8156,0.911385667,34,0.892658889,11
8157,0.883438889,31,0.747846444,13
8158,0.831744918,33,0.800003553,10
8159,0.862711063,34,0.811533333,11
8161,0.891986794,35,0.812367444,12
8162,0.917223889,33,0.887999556,10
8163,0.896633889,32,0.88162,22
8165,0.905401778,36,0.774051259,10
8166,0.832187503,33,0.826457346,11
8167,0.84874373,34,0.717864444,10
8168,0.884588889,54,0.773905333,16
8169,0.897110524,33,0.831069651,12
8170,0.887222127,33,0.774310227,9
8171,0.872463333,33,0.72278,9
8172,0.882259238,34,0.80089119,16
8174,0.815993333,33,0.735633333,13
8175,0.862003069,50,0.696962286,29
8178,0.848604444,33,0.795720556,28
8179,0.870028765,38,0.828834008,14
8180,0.897380026,33,0.807573333,14
8181,0.745018815,33,0.605918222,10
8182,0.812067373,33,0.744695357,11
8184,0.878700699,34,0.837934237,9
8185,0.882870667,34,0.783212222,10
8186,0.869118333,34,0.777521111,10
8187,0.862749746,52,0.766004984,10
8188,0.892442857,34,0.816929792,13
8189,0.857178667,33,0.802632,9
8190,0.892273175,33,0.841873968,12
8191,0.864424667,45,0.861254,20
8192,0.842917143,32,0.668733825,10
8193,0.758366095,53,0.609523175,10
8194,0.890405952,33,0.892883857,16
8195,0.868894823,33,0.721509841,24
8196,0.864792143,55,0.742221931,16
8197,0.837079508,43,0.729277778,11
8198,0.898686833,33,0.828546944,9
8199,0.724579619,33,0.607683254,11
8200,0.887659915,77,0.880506667,18
8201,0.838291667,55,0.860872333,13
8202,0.829453333,34,0.772353333,14
8205,0.867267196,33,0.882544444,11
8206,0.889350556,32,0.880532222,11
8207,0.888856407,32,0.87240637,12
8208,0.881682286,37,0.827433333,11
8209,0.865426111,34,0.843485,16
8210,0.88560327,34,0.779049333,11
8211,0.847150222,34,0.733353333,12
8214,0.832264021,32,0.862254143,14
8215,0.856896667,33,0.772323333,13
8216,0.850782889,34,0.828347556,11
8217,0.786243778,33,0.654114,11
8218,0.870384119,33,0.837104778,10
8219,0.919918333,43,0.833391556,10
8220,0.896794444,33,0.87024,14
8221,0.912866111,52,0.840937222,11
8222,0.887908556,34,0.811669444,12
8224,0.826870635,34,0.62682127,11
8225,0.887659915,33,0.880506667,13
8226,0.898551667,32,0.838680556,13
8227,0.794179889,33,0.702615222,10
8228,0.905584444,35,0.820360889,14
8229,0.880332556,34,0.832223333,14
8230,0.843813889,33,0.708758889,14
8231,0.870614444,34,0.855973333,11
8233,0.878846667,34,0.760493333,11
8234,0.841873111,31,0.813496,10
8235,0.858836111,32,0.819827778,11
8236,0.773791136,35,0.649324388,15
8238,0.880196167,33,0.866053333,12
8239,0.904733532,32,0.730140278,13
8240,0.851321111,43,0.700486667,11
8241,0.79878,50,0.750045556,19
8243,0.824080667,34,0.690777556,13
8245,0.83586619,34,0.807509418,11
8246,0.861662778,34,0.730791667,9
8247,0.923585513,31,0.898515455,10
8249,0.812133032,33,0.738195749,11
8251,0.860267333,34,0.750546667,9
8252,0.90576327,35,0.849009381,11
8253,0.86709873,45,0.770329206,12
8254,0.880941111,33,0.773046111,9
8256,0.784200635,33,0.658648175,13
8259,0.811443778,34,0.790299111,9
8260,0.889117556,33,0.796914333,9
8261,0.880801278,33,0.787877778,12
8263,0.904749548,33,0.891494722,14
8265,0.860546111,33,0.655146667,11
8266,0.867198556,31,0.792111889,13
8267,0.91453805,34,0.821104883,14
8268,0.865752444,34,0.796752,9
8269,0.870403833,42,0.814636333,13
8271,0.891041175,34,0.684173889,10
8272,0.829869444,37,0.768842222,13
8274,0.871546349,34,0.803286667,13
8275,0.796939765,30,0.746402333,12
8276,0.878379873,33,0.766608619,17
8277,0.832896111,33,0.746153333,15
8279,0.814115249,33,0.639551556,13
8280,0.940212762,33,0.78917019,11
8282,0.894262444,48,0.974128889,16
8283,0.865819286,33,0.769764444,10
8284,0.889840444,34,0.836749556,12
8286,0.863117651,33,0.78004873,10
8287,0.854017222,42,0.744616111,10
8288,0.869075143,32,0.845308254,18
8289,0.876163778,33,0.806026778,13
8290,0.821001667,49,0.693796111,12
8291,0.9203,34,0.84392,11
8292,0.856726,34,0.657665333,10
8293,0.931455291,33,0.859618241,13
8294,0.903298333,34,0.876913333,18
8295,0.907149762,31,0.860324524,17
8296,0.879237444,34,0.750323556,12
8297,0.829500944,32,0.741939722,13
8299,0.827909444,33,0.670713333,14
8300,0.878711056,33,0.850293333,13
8301,0.806063416,39,0.709403745,10
8303,0.918747492,33,0.834770794,12
8304,0.837386797,33,0.68175859,13
8305,0.927528889,32,0.8273,14
8306,0.912022254,35,0.848721683,10
8308,0.884287232,33,0.85325503,16
8309,0.806473333,33,0.863651667,10
8310,0.850375556,33,0.782815556,12
8311,0.676664444,32,0.619684444,10
8313,0.940105333,33,0.898933333,10
8314,0.882409238,33,0.860414825,21
8316,0.83438,42,0.634453333,11
8317,0.844000619,40,0.778553333,13
8318,0.840028675,32,0.771183333,17
8319,0.84648,33,0.651566667,10
8322,0.896633889,38,0.88162,14
8323,0.907630611,60,0.818034111,25
8324,0.914311571,32,0.963035,19
8325,0.921747778,33,0.692288889,9
8326,0.895745,34,0.850855,9
8327,0.80014359,33,0.534546667,11
8328,0.878767778,34,0.797672778,11
8329,0.792165048,34,0.648622556,23
8330,0.803493333,32,0.717537778,12
8331,0.898188339,34,0.830279503,16
8333,0.838603333,34,0.734454444,10
8334,0.87341,33,0.815130778,12
8335,0.917334556,33,0.818377444,11
8336,0.865676111,33,0.842886667,10
8337,0.877444317,34,0.804364095,10
8338,0.912043548,33,0.80642,10
8339,0.843700934,34,0.801706667,11
8341,0.903396595,33,0.792924008,11
8344,0.903058111,31,0.867759984,12
8345,0.862126667,33,0.679175444,11
8346,0.858598333,34,0.798786667,12
8347,0.923395778,34,0.842066778,9
8348,0.843557619,37,0.779951508,14
8349,0.904708333,33,0.825053333,10
8350,0.860560153,41,0.798613402,14
8351,0.871150952,33,0.783138889,13
8352,0.858871,33,0.732714778,13
8353,0.863641111,46,0.795533333,12
8354,0.816645556,34,0.692294444,10
8355,0.888378556,34,0.823097222,11
8356,0.911534889,31,0.92334,10
8357,0.898825,33,0.830505,12
8358,0.927173884,31,0.850034339,11
8359,0.84282014,33,0.591878455,11
8360,0.785735937,34,0.782984444,12
8361,0.8201095,32,0.742899556,16
8363,0.863902884,33,0.796261841,11
8364,0.866185095,35,0.773405429,16
8365,0.843852778,34,0.795492222,14
8366,0.887222127,34,0.774310227,12
8367,0.796866444,33,0.794951444,11
8368,0.86415,51,0.904823889,13
8369,0.870766259,32,0.82199,11
8371,0.891131556,33,0.810577667,15
8374,0.824310333,34,0.739501222,16
8375,0.653493274,43,0.56490346,10
8377,0.92449064,33,0.832792704,14
8378,0.89708,33,0.826593333,16
8379,0.803037444,39,0.717717556,11
8380,0.682426667,33,0.547696667,11
8381,0.698646556,33,0.867499,9
8382,0.885765556,33,0.780611333,12
8383,0.907593497,33,0.826982116,10
8384,0.90152319,32,0.850999286,10
8385,0.873728008,33,0.815848794,10
8386,0.824142919,36,0.719651003,10
8387,0.929464889,34,0.863252778,12
8389,0.864117778,31,0.820991111,11
8390,0.930659952,33,0.902472857,28
8394,0.817983333,34,0.74613,19
8395,0.926494095,45,0.788259905,22
8396,0.827053905,31,0.787430885,9
8397,0.880109429,45,0.78378654,10
8398,0.894966603,52,0.832444937,10
8399,0.851395556,37,0.819200151,11
8400,0.850034,34,0.783359778,10
8401,0.885340111,33,0.804887778,11
8402,0.765273667,33,0.516371111,15
8403,0.899509667,33,0.780830444,13
8405,0.879504619,34,0.805486222,11
8406,0.851311111,46,0.790285,10
8407,0.912807333,33,0.860425333,10
8409,0.879427571,49,0.842646667,13
8410,0.854014333,43,0.838753444,11
8414,0.905232778,33,0.731372222,13
8415,0.893202152,31,0.808799949,9
8420,0.873686333,32,0.817253333,10
8421,0.813593333,33,0.775921111,12
8422,0.805168802,39,0.766959048,11
8423,0.863128889,34,0.789669444,12
8425,0.897842762,34,0.739366052,10
8426,0.774798767,32,0.69515528,11
8427,0.919744889,33,0.730864444,19
8428,0.875213333,34,0.720086667,17
8429,0.855244444,33,0.836356667,14
8430,0.838049288,32,0.812014857,13
8433,0.804317286,33,0.728144127,11
8434,0.726601717,33,0.618256357,9
8435,0.833543333,33,0.730125556,12
8436,0.895232714,91,0.833243857,21
8437,0.741014444,47,0.63868,20
8438,0.880647778,32,0.754273333,11
8439,0.796991111,34,0.711166667,10
8441,0.877192508,34,0.818084333,13
8442,0.855033952,35,0.809953333,18
8443,0.898943905,34,0.795039201,12
8444,0.805137222,34,0.632009444,10
8446,0.820458667,36,0.70894,11
8447,0.895732294,33,0.824100222,11
8448,0.914917804,34,0.820311857,14
8449,0.873704333,33,0.83148,10
8451,0.888005389,51,0.846882667,11
8452,0.862018333,32,0.767895556,10
8453,0.911043333,34,0.875207778,11
8454,0.878665926,33,0.790720741,13
8455,0.870923913,32,0.865479937,11
8456,0.91096,32,0.720553333,14
8458,0.869683492,33,0.82825,9
8459,0.890298127,34,0.852429889,9
8461,0.873472683,32,0.838090291,11
8464,0.880713722,34,0.844397889,10
8465,0.84113,33,0.756546667,11
8466,0.851374262,34,0.831707508,10
8468,0.867430278,34,0.784673333,11
8470,0.871475397,34,0.731609365,16
8471,0.82749781,33,0.853998317,12
8472,0.783084111,33,0.818067778,10
8473,0.836306667,33,0.746741889,13
8474,0.871438024,33,0.90611027,14
8475,0.875171505,34,0.846458788,10
8476,0.845690889,33,0.725325333,10
8477,0.827103556,34,0.743118889,11
8478,0.919255926,71,0.837296667,22
8479,0.8472875,35,0.76098,12
8480,0.809290704,40,0.655982415,10
8481,0.898019,34,0.858241556,20
8482,0.859613423,33,0.773942751,27
8485,0.857124,51,0.735806667,11
8487,0.822931111,83,0.777602778,22
8488,0.826858222,47,0.628886778,18
8489,0.898531667,34,0.73976,12
8491,0.854811944,34,0.735793333,11
8492,0.870709111,33,0.858551778,11
8493,0.898281519,33,0.804518645,15
8494,0.911251683,33,0.838739905,12
8495,0.905604,34,0.777602778,14
8496,0.744813333,33,0.768446667,9
8497,0.869179444,34,0.81738,23
8498,0.886714738,32,0.809494222,15
8499,0.859490815,32,0.800415778,12
8500,0.809844048,34,0.79501,11
8503,0.887137222,49,0.621746667,18
8504,0.880252143,32,0.801875,14
8505,0.883269481,34,0.76422,12
8506,0.899204593,35,0.838149466,12
8507,0.883378556,34,0.82762,10
8508,0.83629,34,0.926718333,14
8509,0.770397265,31,0.714065135,15
8510,0.826717222,33,0.839263333,14
8512,0.862177167,34,0.764860556,13
8513,0.841060556,33,0.84418,13
8514,0.852639937,32,0.906696651,10
8515,0.840642444,33,0.691053333,13
8516,0.926535,32,0.847175556,13
8517,0.851828778,50,0.773846667,10
8518,0.869653333,32,0.839771111,10
8520,0.698898111,33,0.707488333,14
8521,0.893726,33,0.809102667,17
8522,0.89346773,33,0.84312,11
8525,0.845207063,33,0.727746667,15
8526,0.863342778,32,0.814714444,11
8529,0.826073722,37,0.815506667,9
8530,0.907268444,33,0.690971333,20
8531,0.844436667,32,0.82112,19
8532,0.890575439,32,0.907802167,11
8535,0.898042778,36,0.864521111,12
8538,0.821473333,33,0.856092222,14
8542,0.886180222,55,0.766208889,12
8543,0.872812124,32,0.810033063,20
8544,0.840642444,34,0.691053333,10
8545,0.778718222,33,0.629235667,10
8546,0.853602889,34,0.772578778,9
8547,0.741432381,33,0.547071429,10
8549,0.834690444,33,0.742589333,11
8550,0.845063333,32,0.799604444,12
8551,0.906653333,34,0.861613333,13
8552,0.820276239,33,0.750217852,11
8553,0.835837955,34,0.77016,10
8554,0.841873111,34,0.813496,11
8556,0.88639873,35,0.802673175,10
8557,0.903473905,34,0.849041841,13
8558,0.900035,33,0.870414444,10
8560,0.879092556,32,0.839461111,11
8561,0.914157746,55,0.821650921,14
8562,0.910521111,33,0.816452222,12
8563,0.778718222,33,0.629235667,12
8565,0.887222127,33,0.774310227,12
8566,0.858972944,50,0.832586667,19
8568,0.879299048,34,0.867531968,12
8572,0.823329056,32,0.822719944,16
8573,0.856396222,32,0.718810667,10
8575,0.883423381,33,0.811163556,9
8576,0.886230556,49,0.807563222,12
8577,0.898189759,34,0.790465383,9
8578,0.870796381,31,0.821290349,14
8579,0.808143333,33,0.713101111,14
8580,0.900369549,33,0.826374343,11
8581,0.796580508,35,0.865435889,10
8582,0.915892111,33,0.854198148,10
8583,0.894518333,34,0.617061667,11
8584,0.826150667,33,0.739114444,10
8585,0.849988778,34,0.758693333,12
8586,0.892043333,33,0.894863333,12
8587,0.886945111,33,0.798258556,15
8588,0.786054778,34,0.726119,10
8590,0.89904237,33,0.875826889,11
8591,0.889207778,33,0.806264667,11
8592,0.840136111,34,0.739586667,15
8593,0.860227619,32,0.825860556,10
8594,0.869969333,34,0.827127,14
8595,0.797185,33,0.690337778,12
8596,0.871519833,88,0.789590167,39
8597,0.894616333,32,0.861286667,12
8598,0.88667473,37,0.804146667,10
8600,0.941569889,41,0.802580889,15
8601,0.912655593,57,0.796713852,10
8602,0.904959444,37,0.82742,10
8603,0.874453,43,0.835185778,11
8604,0.8786,31,0.723633333,10
8605,0.859648111,35,0.809379222,11
8606,0.880391111,43,0.793699444,15
8607,0.923588111,32,0.838725778,10
8609,0.944215981,37,0.855382815,10
8611,0.882355722,33,0.861172889,12
8613,0.697296048,34,0.469157349,12
8614,0.892946389,48,0.638875608,27
8615,0.897336746,33,0.78796127,13
8616,0.83832364,33,0.794229492,9
8618,0.822896995,33,0.716817188,12
8619,0.885567222,34,0.774104444,9
8621,0.889365632,56,0.799446127,9
8622,0.843438444,31,0.701077667,12
8623,0.863229734,36,0.68408624,11
8624,0.888685937,34,0.784586794,14
8625,0.862155021,86,0.783401413,18
8628,0.814507167,33,0.857,13
8629,0.896326111,31,0.842411111,10
8630,0.897678439,33,0.836726667,11
8631,0.703572778,85,0.786105,18
8632,0.780592,33,0.737481778,12
8633,0.898571333,34,0.825424,11
8635,0.8770285,33,0.822948333,14
8636,0.859202603,33,0.748568468,12
8637,0.877168222,33,0.734050667,11
8638,0.931729889,32,0.906618333,9
8640,0.874974032,34,0.782049968,16
8641,0.898049468,33,0.748510881,11
8642,0.795320722,34,0.764265556,11
8643,0.852383333,33,0.697486667,14
8644,0.899721667,33,0.767368333,12
8646,0.813090333,32,0.588577222,10
8647,0.853262889,34,0.744597778,10
8648,0.852944444,33,0.785647444,12
8649,0.920054857,35,0.925808032,10
8650,0.845160889,32,0.763813333,16
8652,0.880278212,65,0.820773333,12
8653,0.771556984,38,0.637853286,10
8654,0.910137455,32,0.883494789,13
8655,0.855545556,34,0.792848889,10
8657,0.89129322,57,0.770744503,17
8658,0.889818333,37,0.83133,13
8659,0.861312444,33,0.666509333,11
8660,0.875359466,55,0.745159965,10
8661,0.890350341,33,0.811981278,10
8663,0.917813841,32,0.853577746,12
8664,0.7890535,33,0.769561111,10
8665,0.884292048,34,0.740440333,15
8667,0.864521045,32,0.730966667,11
8668,0.818078214,33,0.701453333,10
8669,0.809743444,32,0.729978889,12
8670,0.866554333,33,0.867853333,12
8671,0.900515,33,0.837709444,13
8672,0.872713571,34,0.819403889,10
8673,0.787447524,34,0.630297048,11
8674,0.746296861,48,0.625491072,17
8676,0.809958056,33,0.702307389,20
8677,0.832699857,51,0.777204984,9
8678,0.876774852,33,0.805289222,14
8679,0.908026921,34,0.818849889,13
8680,0.907714333,34,0.896198222,14
8683,0.882541444,39,0.762002667,16
8684,0.910104333,33,0.838789333,12
8685,0.838245763,34,0.749598478,13
8687,0.858405,34,0.665993333,14
8689,0.836333889,34,0.717626556,10
8691,0.900613571,32,0.832384524,11
8692,0.880687889,33,0.800439444,23
8693,0.772868508,33,0.736543778,12
8694,0.856827222,34,0.721215556,18
8695,0.911271611,48,0.822691444,14
8696,0.883918857,39,0.829499026,10
8698,0.895411587,33,0.830513968,10
8700,0.899831402,33,0.861316894,16
8701,0.740697828,48,0.796302726,14
8702,0.893040889,33,0.801146667,11
8704,0.842298492,36,0.747495111,9
8705,0.894769556,33,0.858808222,11
8708,0.927209172,32,0.835065434,11
8709,0.899993889,34,0.814677778,10
8710,0.836980278,64,0.855062222,34
8711,0.877933148,33,0.862657333,9
8713,0.912175444,64,0.849493,11
8714,0.856111889,32,0.718,9
8717,0.875792222,33,0.757473111,19
8718,0.905689667,34,0.809475778,9
8719,0.839520667,34,0.765636444,14
8720,0.887368989,35,0.832737692,12
8722,0.882050056,33,0.7871955,10
8723,0.903635556,33,0.802147444,14
8724,0.800731111,32,0.851455778,15
8725,0.870912963,33,0.792714667,13
8726,0.875464667,33,0.823638333,15
8727,0.88631723,50,0.754660389,13
8729,0.764479841,48,0.59643946,14
8730,0.86722323,45,0.820393333,10
8731,0.850413984,34,0.801119873,10
8732,0.862979667,34,0.691993333,11
8733,0.815529603,35,0.746170492,10
8734,0.802627556,41,0.6518015,10
8735,0.893628889,33,0.787366667,13
8736,0.781842556,34,0.631668444,13
8738,0.921725037,34,0.88190337,11
8739,0.859217111,33,0.650833556,13
8740,0.884036444,31,0.830670556,10
8741,0.886130034,33,0.824568889,17
8742,0.829653889,34,0.706713889,15
8743,0.835577593,33,0.753425185,11
8744,0.885941429,35,0.772457698,12
8746,0.894573881,33,0.813322748,10
8748,0.8658725,43,0.720675778,10
8749,0.9179955,33,0.8011615,14
8750,0.883652333,34,0.839701889,11
8751,0.820304444,34,0.755773333,10
8752,0.877005,34,0.955118,10
8753,0.863902222,34,0.818467778,10
8754,0.898672071,33,0.782136579,12
8755,0.892500056,88,0.821906667,39
8756,0.891799444,32,0.840377778,10
8757,0.905630748,33,0.796751971,12
8758,0.833282222,33,0.665158889,14
8759,0.890356833,32,0.80219746,9
8760,0.850852119,33,0.817580833,12
8762,0.815926167,31,0.789122889,10
8763,0.689973704,33,0.624257778,15
8764,0.894253333,34,0.78301,14
8765,0.812600635,34,0.694091508,15
8766,0.796698333,32,0.80145,10
8768,0.86536873,33,0.752126667,13
8770,0.893844,32,0.750618667,16
8771,0.888980476,40,0.812337762,11
8772,0.886861619,33,0.704974548,14
8774,0.878558778,49,0.812274444,14
8775,0.858431556,32,0.757324889,12
8776,0.822896995,33,0.716817188,11
8778,0.884112508,34,0.846801778,10
8779,0.881059286,36,0.833513333,12
8780,0.900372778,32,0.749653333,10
8781,0.887727794,56,0.811095,13
8782,0.784497222,32,0.617979556,12
8783,0.879517444,33,0.931649667,11
8784,0.843918626,34,0.667674303,16
8785,0.682755926,33,0.59794,13
8786,0.904547302,35,0.849562937,12
8788,0.902073111,32,0.769967556,16
8789,0.861461593,32,0.830874772,12
8790,0.880155,34,0.766749444,11
8791,0.912509,31,0.836072444,14
8792,0.810726759,33,0.800251759,14
8794,0.878341667,33,0.829976667,11
8795,0.882603598,41,0.633545481,10
8796,0.914385111,32,0.870826444,11
8797,0.89346773,57,0.84312,10
8799,0.897389672,34,0.844019362,9
8800,0.819883167,34,0.766899333,10
8802,0.896713889,33,0.795525333,10
8803,0.944215981,32,0.855382815,12
8804,0.896780691,33,0.805559912,19
8805,0.823609148,32,0.610512127,21
8806,0.91098127,33,0.776077143,20
8807,0.892452222,33,0.809298333,9
8808,0.865056889,34,0.798414444,15
8810,0.839731794,38,0.72736,10
8811,0.859025,33,0.758193333,16
8813,0.760400667,33,0.798443333,12
8814,0.921739278,34,0.875922722,11
8815,0.881897593,32,0.819768667,10
8816,0.85822619,34,0.679387429,14
8817,0.929698778,33,0.890292778,10
8818,0.853262889,32,0.744597778,12
8819,0.900414667,34,0.835415778,19
8820,0.851266444,34,0.741528,10
8821,0.859097056,33,0.81194,10
8822,0.870409,32,0.801140667,13
8825,0.90926896,34,0.7788375,11
8826,0.842829101,72,0.870544444,28
8827,0.921975302,33,0.891902063,11
8828,0.88998873,33,0.834441333,14
8829,0.887887397,95,0.8294,12
8830,0.907049913,34,0.905907405,15
8833,0.856716317,57,0.72358273,13
8834,0.885010008,34,0.783185841,14
8835,0.874902667,33,0.71795,11
8837,0.864778667,47,0.843092222,11
8838,0.830979926,35,0.770273333,15
8840,0.854966667,33,0.810448333,13
8842,0.819985407,33,0.63699837,10
8843,0.876373915,56,0.787821778,25
8845,0.796939765,34,0.746402333,14
8846,0.823730857,34,0.665358222,17
8849,0.864802778,33,0.734636667,10
8851,0.869690879,32,0.661769838,9
8852,0.909692611,34,0.814117778,11
8853,0.862155021,34,0.783401413,11
8855,0.858901116,32,0.779039077,11
8856,0.880088333,32,0.817851111,10
8858,0.892966667,33,0.7869,10
8859,0.779937857,32,0.678461667,12
8860,0.904519,33,0.863959667,12
8861,0.904322222,34,0.811967778,12
8862,0.853077664,33,0.803325302,13
8863,0.900479444,35,0.851357778,12
8865,0.844245333,32,0.599166667,18
8866,0.891484444,33,0.839984444,10
8868,0.886160063,34,0.827853333,10
8869,0.85164,37,0.799973333,10
8870,0.888182474,32,0.833130471,12
8871,0.899601111,32,0.805304444,12
8872,0.842273048,34,0.898664444,13
8873,0.843082333,34,0.772208873,10
8874,0.793249167,34,0.756806667,12
8875,0.862126667,36,0.679175444,16
8876,0.9247975,33,0.897669167,15
8877,0.906873333,34,0.78503,10
8878,0.899311333,34,0.856401333,13
8879,0.882451365,45,0.698699127,14
8881,0.722293333,33,0.85534,11
8883,0.898663127,33,0.804346667,16
8885,0.850934667,33,0.759798333,9
8887,0.909778111,34,0.852769444,11
8888,0.837320714,35,0.827278333,9
8889,0.867571111,33,0.808871111,10
8890,0.852613333,53,0.682753333,16
8891,0.718470292,33,0.62651573,11
8892,0.938932222,31,0.893616667,12
8893,0.908027143,33,0.800366651,10
8894,0.859391667,33,0.76777,12
8895,0.898707778,34,0.790447556,10
8896,0.821826667,33,0.83958,13
8897,0.854156667,33,0.77233,14
8900,0.8556,34,0.726213333,17
8902,0.871351111,33,0.854736667,12
8903,0.793854907,33,0.714413333,16
8904,0.851464444,48,0.785313333,16
8905,0.800943286,33,0.727945323,16
8906,0.802898556,31,0.738963333,12
8907,0.855758333,33,0.726093333,11
8909,0.858058667,34,0.810127111,15
8910,0.856878714,31,0.802999444,16
8911,0.874888048,55,0.883259683,16
8912,0.878082,32,0.811504444,9
8913,0.886338444,67,0.874886667,23
8914,0.916033333,34,0.82509,11
8915,0.889005556,34,0.749022667,13
8916,0.910745764,34,0.813706778,13
8918,0.692433333,56,0.683748,16
8920,0.856052365,32,0.805033841,14
8923,0.928645053,33,0.865636148,12
8924,0.876703333,33,0.838456667,15
8926,0.90031055,32,0.849340571,13
8928,0.855678333,33,0.796381111,12
8929,0.918291111,34,0.831131,10
8930,0.89968,33,0.81742,12
8931,0.832368333,33,0.67985,9
8932,0.830069495,34,0.742442516,9
8933,0.802987302,33,0.884477079,11
8934,0.852786889,33,0.76692,14
8935,0.884481522,33,0.779263048,11
8937,0.869784389,34,0.730338889,10
8938,0.874651667,42,0.808425714,10
8940,0.849376119,30,0.785283333,13
8942,0.868228926,33,0.78362,11
8944,0.783663111,33,0.792717,13
8945,0.918324013,33,0.889326954,15
8946,0.918521222,34,0.874739333,18
8948,0.888550556,33,0.826290556,16
8949,0.823271722,35,0.786353243,11
8950,0.852496444,34,0.722988611,10
8952,0.815753333,35,0.715753333,10
8953,0.914728786,33,0.807433333,12
8954,0.855512222,35,0.70912,18
8955,0.846860833,34,0.741743889,12
8956,0.705268889,33,0.703991111,11
8957,0.873232889,34,0.871101,13
8959,0.807957,31,0.752175,20
8960,0.924683667,45,0.87116,14
8961,0.889054,34,0.794073111,10
8962,0.838531611,33,0.724543944,11
8963,0.82397536,34,0.731854444,13
8964,0.882875897,33,0.873483333,10
8965,0.859793333,33,0.756371111,12
8967,0.876437556,32,0.809512667,12
8968,0.886346111,32,0.830396889,10
8969,0.904075,33,0.83654,13
8970,0.910024622,32,0.806202556,14
8972,0.855732317,31,0.877651413,14
8973,0.883212378,34,0.78314,10
8974,0.936757778,35,0.855574444,11
8976,0.9080925,33,0.81317,20
8977,0.913430889,35,0.826895778,11
8978,0.926329556,33,0.836936222,12
8979,0.885331667,38,0.876716667,11
8980,0.760309333,32,0.69298,15
8981,0.871041333,33,0.839858667,22
8983,0.895158937,34,0.800131278,12
8984,0.795851683,33,0.724311952,17
8985,0.919451444,31,0.799408,10
8986,0.890326333,37,0.837732444,10
8987,0.839275556,55,0.78049,16
8988,0.855884169,33,0.813102423,14
8989,0.90211,33,0.829048889,10
8990,0.87567019,47,0.798412582,11
8992,0.907955889,33,0.837745556,11
8994,0.77489459,34,0.781319839,11
8995,0.893819537,33,0.874093333,10
8997,0.906906667,32,0.895328889,12
8998,0.844221508,34,0.831926667,13
8999,0.866970778,34,0.800099111,9
9000,0.926001114,55,0.858662253,11
9001,0.938815556,34,0.871693333,22
9003,0.906946722,33,0.793675444,13
9004,0.778886667,32,0.724436667,10
9005,0.825255556,34,0.743882222,9
9006,0.880018452,50,0.803026667,17
9007,0.750320444,33,0.585389667,10
9008,0.857987119,32,0.749663333,11
9009,0.890879889,34,0.804988889,10
9010,0.872791111,31,0.725059333,10
9011,0.929612778,37,0.812433333,14
9012,0.904715,31,0.842471667,23
9013,0.904708333,33,0.825053333,13
9014,0.925391571,34,0.784020984,14
9016,0.896420937,33,0.816851667,18
9017,0.743548333,34,0.746234889,23
9018,0.858603593,33,0.698806667,14
9020,0.877796667,39,0.715536667,14
9022,0.904806667,32,0.82828,9
9025,0.890755,34,0.81992,10
9026,0.899448056,33,0.819366389,11
9027,0.874921111,32,0.877421111,15
9028,0.929747111,65,0.8925025,14
9031,0.893175,34,0.800541667,10
9032,0.867594444,34,0.981013333,24
9033,0.870567545,47,0.810316828,10
9034,0.905191444,88,0.801887778,15
9035,0.89008973,33,0.89501,28
9037,0.848165198,38,0.769233608,14
9038,0.837422537,34,0.787553333,12
9039,0.852999444,34,0.742272778,13
9041,0.907588667,34,0.861690222,10
9042,0.880243175,37,0.756477778,11
9044,0.877812259,36,0.803512222,12
9045,0.853187148,32,0.787866667,10
9047,0.721822222,44,0.690714444,10
9048,0.865183603,33,0.800947587,12
9050,0.864461698,59,0.818318429,17
9052,0.87183989,34,0.772554703,15
9053,0.865831772,33,0.804139693,11
9055,0.825324008,33,0.803825841,9
9056,0.838718,30,0.673733333,11
9057,0.853417153,33,0.804121534,15
9058,0.931922,33,0.827322778,10
9059,0.740259833,32,0.537393333,10
9060,0.885477341,34,0.845882222,10
9061,0.91808,33,0.832846667,9
9063,0.867511759,74,0.787813333,25
9064,0.825486667,33,0.691951111,12
9065,0.865473889,33,0.733230444,11
9066,0.849661778,34,0.758522937,9
9067,0.85254485,43,0.743705565,10
9068,0.906337254,70,0.81174523,24
9069,0.833799968,34,0.745649619,13
9070,0.900884667,34,0.795753333,10
9071,0.855270926,31,0.726508519,19
9072,0.894877222,32,0.859974889,11
9073,0.813725762,34,0.737018333,17
9074,0.867198556,55,0.792111889,10
9075,0.887364603,48,0.765892798,23
9076,0.849796487,32,0.829524704,10
9078,0.809228365,34,0.695896429,11
9079,0.914309204,44,0.801457778,11
9082,0.894614444,32,0.834617222,10
9083,0.916132,33,0.871,10
9084,0.883923333,34,0.761126667,12
9086,0.888351749,33,0.829002222,14
9088,0.868047333,34,0.824127889,10
9089,0.904282889,33,0.840978095,12
9090,0.908891667,34,0.839406667,11
9091,0.807851944,45,0.757827556,10
9092,0.866804444,34,0.754654444,13
9093,0.901119444,33,0.792992444,12
9094,0.946539,35,0.834188,10
9095,0.83699,34,0.75079246,10
9096,0.926049333,34,0.824289333,14
9097,0.808003667,33,0.910923333,22
9098,0.923384333,41,0.901372667,11
9100,0.903140667,32,0.797926,10
9101,0.850801389,33,0.807762037,11
9102,0.870678529,32,0.880214159,12
9103,0.761887889,33,0.485919111,10
9105,0.785500556,36,0.733766722,9
9106,0.865410403,34,0.760642328,16
9107,0.892168333,56,0.823174556,10
9108,0.896189444,33,0.851234444,9
9109,0.896727857,32,0.788332857,11
9110,0.901900889,32,0.837904667,13
9112,0.884035922,34,0.843343377,22
9113,0.698613889,40,0.693071111,10
9114,0.921376778,33,0.859737667,12
9115,0.83755,36,0.792101111,13
9116,0.894612778,32,0.830011667,10
9117,0.868231878,33,0.817005185,11
9118,0.790767222,33,0.803408889,10
9119,0.871155397,33,0.856402667,12
9120,0.850577026,46,0.76348,21
9121,0.886953636,34,0.872332603,13
9123,0.844769296,34,0.737482222,12
9125,0.813811111,33,0.753931111,15
9127,0.861782101,33,0.756918889,17
9128,0.890236611,33,0.820752167,11
9130,0.920028365,33,0.843902444,10
9131,0.931446746,33,0.876150794,11
9132,0.842198611,33,0.840344815,10
9133,0.894966603,34,0.832444937,10
9134,0.915175108,34,0.763240886,13
9135,0.874097325,34,0.787436222,13
9137,0.834983254,34,0.787763651,10
9138,0.949448333,33,0.756395,10
9139,0.894784667,33,0.807327333,11
9140,0.876509553,56,0.803380614,15
9141,0.929555063,59,0.852960778,10
9142,0.857634627,92,0.87022,29
9143,0.805170667,33,0.710934,10
9145,0.884921159,45,0.866133333,10
9147,0.791717111,32,0.688518444,13
9150,0.76379,34,0.694566667,12
9151,0.884605556,31,0.81199,14
9152,0.911382937,33,0.822331873,10
9153,0.937618556,34,0.674973333,17
9155,0.832187503,47,0.826457346,10
9157,0.796580508,34,0.865435889,12
9158,0.794102585,34,0.710606667,15
9159,0.83881937,33,0.742142222,18
9160,0.887444667,32,0.833038111,9
9162,0.850798992,34,0.796529444,13
9163,0.803441111,38,0.73862,12
9165,0.820774778,34,0.777186667,11
9166,0.876916667,37,0.834003111,12
9167,0.81282,80,0.627353333,20
9168,0.915673556,34,0.898104,10
9169,0.882603598,34,0.633545481,11
9170,0.857453016,33,0.790024063,12
9171,0.90354,34,0.80678,10
9172,0.868908556,31,0.762942,12
9174,0.873059063,34,0.83766,10
9175,0.890174111,33,0.861536667,10
9176,0.871135756,33,0.793903409,13
9177,0.804626667,33,0.57536,10
9179,0.770397265,34,0.714065135,19
9180,0.82742,34,0.840306667,18
9181,0.90576327,34,0.849009381,15
9183,0.959318423,33,0.85256154,13
9184,0.890143148,31,0.782918889,9
9185,0.893261937,34,0.816511778,11
9186,0.834055648,44,0.787613333,11
9187,0.888886582,37,0.83264,26
9188,0.845129,34,0.776859429,10
9190,0.879229365,33,0.720074762,10
9191,0.884495526,31,0.818253333,13
9192,0.841256079,34,0.675291032,11
9193,0.804626667,36,0.57536,18
9194,0.919496926,41,0.837696118,11
9197,0.892985556,33,0.814187778,12
9198,0.835926667,34,0.782013333,13
9202,0.875599063,33,0.761126667,13
9203,0.959640714,33,0.810767429,13
9204,0.914314444,34,0.877226667,15
9205,0.831475741,35,0.710590463,14
9206,0.810105,33,0.721709667,13
9207,0.872141444,33,0.777151889,12
9208,0.898047439,34,0.772148063,12
9209,0.879865,33,0.862846667,12
9210,0.92395,37,0.839598889,10
9211,0.859235111,33,0.726416889,12
9212,0.8949,44,0.868853333,13
9213,0.880300444,68,0.823637778,22
9214,0.886023889,33,0.822512778,10
9215,0.730486369,32,0.640673532,13
9216,0.898999778,32,0.800787778,14
9217,0.824031444,35,0.668706889,21
9218,0.806508056,33,0.722306667,13
9219,0.842727667,33,0.763671667,21
9220,0.845234944,33,0.811283444,11
9221,0.819688444,34,0.762522778,12
9222,0.874609984,43,0.79457246,16
9223,0.857031667,33,0.725264222,12
9224,0.894305333,34,0.807933556,14
9225,0.884376759,34,0.828986667,13
9226,0.871478333,34,0.765058889,12
9227,0.792165048,37,0.648622556,9
9228,0.927689333,33,0.837502314,10
9229,0.764346667,33,0.63695,15
9230,0.862689556,33,0.74314581,10
9231,0.810402722,47,0.792022778,10
9232,0.873730116,33,0.891598407,12
9234,0.891670913,48,0.823774333,14
9235,0.868049376,32,0.793982831,14
9236,0.86744855,32,0.818435926,20
9239,0.821001667,50,0.693796111,15
9240,0.899198852,53,0.806922817,16
9241,0.876172778,34,0.803523989,10
9242,0.887467556,34,0.841313778,10
9243,0.897056508,34,0.821515556,14
9245,0.805530063,34,0.75202,12
9246,0.842046667,34,0.739336667,9
9247,0.848861508,52,0.765402889,11
9248,0.919344,34,0.915945333,13
9249,0.904902722,32,0.7769035,12
9250,0.796530556,31,0.746275,9
9251,0.894955222,32,0.731227222,17
9252,0.917443341,34,0.851595825,10
9253,0.910998889,32,0.789312778,13
9254,0.887150278,34,0.80594,12
9255,0.897940492,33,0.817156825,11
9256,0.7262275,33,0.57874,10
9257,0.863135778,41,0.837695238,12
9258,0.823912778,52,0.791933333,13
9259,0.830831833,33,0.732850389,15
9260,0.882603598,33,0.633545481,10
9261,0.872068667,33,0.805315778,15
9262,0.907049913,47,0.905907405,16
9263,0.90838331,33,0.849279804,13
9266,0.841496968,35,0.776449397,11
9268,0.8857,32,0.729273333,17
9269,0.875946667,33,0.891448,9
9270,0.846564444,33,0.7173,18
9271,0.846692354,34,0.789489762,14
9273,0.881051333,47,0.833007556,13
9275,0.801329889,34,0.692823111,15
9276,0.916406074,33,0.79507,10
9277,0.885009952,33,0.810233333,9
9278,0.879205754,34,0.830884063,11
9280,0.872266667,34,0.73802,12
9282,0.864166667,35,0.801693333,14
9283,0.895703611,37,0.793950556,13
9284,0.914013492,32,0.821891937,13
9288,0.845288778,34,0.754515222,16
9289,0.924773333,34,0.820724444,10
9290,0.857064926,32,0.877053333,12
9291,0.84676,57,0.806794444,24
9292,0.894235,34,0.881633333,9
9293,0.841346667,34,0.733393333,12
9294,0.888523481,34,0.531939222,10
9295,0.855888796,34,0.804646667,10
9296,0.868096079,32,0.830941992,18
9297,0.866079905,32,0.802352905,18
9298,0.882603444,48,0.754618444,11
9299,0.826527778,35,0.797902222,13
9300,0.886093111,33,0.797169889,12
9301,0.890202222,34,0.848027778,14
9302,0.913106,34,0.851155,17
9303,0.885063,58,0.829774444,16
9304,0.88397731,32,0.922061587,16
9305,0.821024889,34,0.634678667,12
9307,0.872558444,34,0.791958889,14
9309,0.865410403,33,0.760642328,11
9310,0.847968444,38,0.662996167,12
9311,0.843748825,33,0.762136032,12
9312,0.849183346,34,0.781774542,12
9313,0.899460343,34,0.821492758,10
9315,0.919703,32,0.858872,13
9316,0.835306111,32,0.67085,15
9317,0.85037,54,0.78626,16
9318,0.880513249,54,0.854237066,13
9319,0.852856889,34,0.778342333,10
9321,0.931024889,32,0.817361333,10
9322,0.88018673,33,0.839059841,10
9323,0.821543111,32,0.795711111,12
9324,0.870258889,42,0.745817778,9
9327,0.892295968,48,0.845547016,12
9328,0.896069667,33,0.855534,11
9329,0.863486667,34,0.712,11
9330,0.726073,33,0.648981667,10
9331,0.829444259,34,0.7907,11
9333,0.885578635,34,0.805504952,11
9334,0.83413936,82,0.814669037,15
9335,0.880442942,33,0.811621841,10
9337,0.770113825,58,0.820193333,11
9339,0.85084426,33,0.877713336,12
9341,0.872591206,38,0.685739016,11
9342,0.784633302,34,0.743505683,21
9343,0.813236111,34,0.7311,13
9344,0.88758281,34,0.83450427,10
9345,0.874376889,34,0.895950778,15
9347,0.897110524,32,0.831069651,13
9348,0.898627778,34,0.893982667,10
9349,0.819346667,35,0.690908,11
9350,0.877189175,33,0.694376444,12
9353,0.886523556,33,0.807364,12
9354,0.829247111,33,0.700698889,13
9356,0.908928651,33,0.872049444,15
9357,0.890635722,34,0.822953167,10
9358,0.894501111,32,0.804299,10
9359,0.888271175,40,0.910278254,12
9360,0.886861619,33,0.704974548,11
9361,0.854646111,55,0.794657778,20
9362,0.746593937,35,0.861743175,10
9365,0.88218,60,0.86923,15
9366,0.905047167,33,0.86642,10
9367,0.804626667,45,0.57536,11
9368,0.846273333,31,0.644973333,15
9369,0.963593333,45,0.90288,16
9370,0.880737889,34,0.824369889,14
9371,0.937981667,44,0.782966667,9
9372,0.898910556,33,0.81754,10
9373,0.89346773,35,0.84312,9
9374,0.855577333,32,0.797811111,14
9375,0.893255,32,0.785893333,9
9376,0.717049656,34,0.555027481,14
9377,0.884553556,34,0.764204667,15
9379,0.896236111,34,0.781386,11
9380,0.84452573,43,0.824436667,10
9381,0.885590222,33,0.874408,11
9382,0.861461593,47,0.830874772,10
9385,0.852081667,33,0.799753333,13
9386,0.855036889,33,0.742524444,11
9387,0.884767778,33,0.779203222,10
9388,0.895402862,33,0.837147608,14
9389,0.892585294,33,0.866686667,20
9390,0.867848,34,0.785076667,11
9391,0.886288889,33,0.819571111,10
9392,0.875498222,33,0.805514444,10
9393,0.856773571,32,0.788967778,10
9394,0.86003246,32,0.834295952,12
9395,0.867622952,33,0.910947333,10
9396,0.891094444,34,0.767192222,10
9397,0.830503407,32,0.764665333,19
9398,0.867209111,55,0.817134222,11
9399,0.889138333,41,0.80993,15
9400,0.854433333,47,0.737876667,10
9402,0.878146111,33,0.768328889,15
9403,0.776985778,33,0.737167111,12
9404,0.880095278,33,0.812693333,10
9405,0.92554964,32,0.774502397,12
9406,0.829713333,32,0.781202222,10
9407,0.904888148,46,0.853297778,13
9408,0.862545434,33,0.775081667,10
9409,0.853463667,32,0.82316,14
9412,0.92392,74,0.814486667,20
9414,0.843363339,33,0.790640968,9
9415,0.87627681,58,0.82867873,24
9416,0.894022167,33,0.785735333,11
9417,0.801734021,33,0.743779881,12
9419,0.898451111,33,0.792925111,18
9420,0.862386667,33,0.853566667,17
9421,0.877694556,33,0.785603889,11
9422,0.87494514,33,0.850628111,10
9423,0.865199556,41,0.802472889,15
9424,0.869918333,41,0.837551667,10
9425,0.788238667,42,0.735293333,14
9426,0.893739198,60,0.84770404,19
9427,0.845643397,32,0.8177,11
9428,0.850221667,35,0.73464,14
9430,0.870749,34,0.827394222,12
9431,0.898281519,34,0.804518645,10
9432,0.86246,34,0.833658444,15
9433,0.872256032,33,0.897889238,15
9434,0.8795,33,0.84306,15
9435,0.887843619,32,0.806386667,12
9437,0.906453333,34,0.876526667,10
9438,0.899311928,32,0.910869566,9
9439,0.921975302,33,0.891902063,11
9440,0.834411914,64,0.696701968,17
9441,0.839592333,34,0.844854,9
9443,0.921792778,32,0.811821111,12
9445,0.945221778,33,0.865687159,15
9446,0.815454889,54,0.824567556,13
9448,0.872107222,43,0.755833889,16
9449,0.910586667,38,0.800067778,11
9450,0.877302444,33,0.768578222,13
9451,0.880196167,30,0.866053333,10
9452,0.874059307,33,0.82862,11
9453,0.894853333,34,0.853017778,18
9454,0.83575619,31,0.720470481,12
9455,0.87618,39,0.833893333,13
9456,0.895495714,37,0.905957778,11
9457,0.944215981,37,0.855382815,11
9460,0.823636444,33,0.7718,9
9461,0.920605,33,0.896906667,10
9462,0.832187503,44,0.826457346,15
9463,0.885764857,34,0.801813444,13
9464,0.864294548,33,0.810956,16
9465,0.872256032,36,0.897889238,15
9466,0.912951222,33,0.835117667,13
9468,0.904215987,33,0.840593635,10
9469,0.840978571,34,0.815580476,10
9470,0.840913333,32,0.78228,13
9472,0.866204193,34,0.872426667,10
9473,0.835268889,33,0.813408889,11
9474,0.831578889,36,0.721205111,15
9475,0.879960333,33,0.818767333,11
9476,0.868568333,34,0.84006,13
9477,0.852611667,33,0.691323333,12
9478,0.897772667,33,0.884988,11
9479,0.782736603,33,0.62127,29
9480,0.831076029,34,0.745485492,18
9481,0.841264537,34,0.735053333,9
9483,0.852910278,32,0.786269778,11
9484,0.911286444,33,0.860692444,10
9485,0.701031111,34,0.677845778,10
9486,0.881561667,36,0.8019,16
9487,0.796394,33,0.747752222,12
9488,0.865030889,34,0.731354556,11
9490,0.854174,32,0.771096444,10
9492,0.838418095,55,0.756721905,20
9493,0.918795556,34,0.804934444,24
9495,0.825928889,33,0.760127778,14
9496,0.862347619,34,0.818726667,11
9497,0.906780444,67,0.723773333,14
9499,0.805183333,40,0.696563333,10
9500,0.800743333,33,0.743753333,15
9501,0.812362778,33,0.719817222,12
9502,0.804723079,32,0.730374413,10
9503,0.843684,32,0.701730667,12
9504,0.909763087,34,0.873347611,12
9505,0.864082333,32,0.805086667,11
9506,0.823499444,41,0.756215889,10
9507,0.915369302,34,0.844993683,10
9508,0.895297127,34,0.873263365,9
9509,0.846565952,33,0.714625,16
9510,0.770896,54,0.795767778,15
9511,0.907128333,33,0.823515556,15
9512,0.859621778,33,0.766809889,11
9513,0.901972751,33,0.786439111,37
9515,0.90855,32,0.837454444,10
9516,0.835107778,33,0.719406444,23
9517,0.867146667,35,0.807517778,12
9518,0.94046,41,0.89706,9
9519,0.888224555,33,0.848214575,10
9521,0.884980667,34,0.810988444,10
9522,0.833819778,34,0.795931111,11
9523,0.849661778,33,0.758522937,15
9524,0.889882778,33,0.77922,17
9525,0.822459794,33,0.69001019,10
9526,0.907074506,45,0.760967587,13
9527,0.832532751,34,0.785504389,16
9528,0.851603556,34,0.803444079,10
9529,0.889761556,39,0.803304667,10
9530,0.823368889,34,0.698995556,10
9531,0.808714444,32,0.741409444,11
9532,0.844713556,34,0.879666667,10
9533,0.889955786,33,0.804613333,13
9534,0.897887444,40,0.881757556,12
9535,0.843036296,33,0.829791111,17
9536,0.885693055,33,0.861024808,10
9537,0.926001114,33,0.858662253,15
9538,0.912408333,33,0.836096667,13
9541,0.897391477,33,0.663626864,11
9542,0.871644582,44,0.803546667,12
9543,0.831890635,34,0.68738119,11
9544,0.878382333,33,0.737377,16
9545,0.901817778,75,0.840148889,16
9546,0.77489459,33,0.781319839,14
9547,0.817190222,34,0.639417333,10
9548,0.818373333,34,0.755696667,20
9549,0.86487019,45,0.792849048,20
9550,0.882603598,41,0.633545481,9
9551,0.897611451,33,0.872140776,15
9552,0.851726759,42,0.781646667,11
9553,0.872608,34,0.815067222,11
9554,0.857298611,65,0.8568,22
9555,0.924656778,34,0.828127444,10
9556,0.813081,49,0.725172111,12
9557,0.904876,34,0.844160444,9
9558,0.811794333,33,0.759265,11
9559,0.902830079,33,0.869139365,13
9560,0.823395611,32,0.727152111,12
9561,0.90726277,33,0.837451444,12
9562,0.887222127,32,0.774310227,10
9564,0.876248175,33,0.814317333,15
9565,0.902937508,39,0.75928919,10
9566,0.922729905,33,0.90349873,16
9567,0.913070556,32,0.83001,10
9568,0.825047492,37,0.710807857,10
9571,0.952514111,49,0.818935556,10
9572,0.774195444,36,0.612046667,20
9573,0.906451852,32,0.804283556,15
9574,0.907510561,34,0.839299672,10
9575,0.895945926,33,0.827606963,12
9576,0.871119333,32,0.751173333,15
9577,0.885528333,33,0.794592889,9
9582,0.853262889,33,0.744597778,10
9583,0.879157603,77,0.833284,32
9584,0.873923333,32,0.796406667,10
9585,0.875156667,34,0.80827,12
9586,0.909288333,33,0.829057222,18
9587,0.843515122,33,0.805383672,10
9588,0.912149167,30,0.914338333,10
9589,0.932031722,36,0.867218579,15
9590,0.873276079,33,0.768953349,14
9591,0.876409778,33,0.805340444,14
9592,0.879659386,34,0.800470862,32
9593,0.755215556,34,0.707288889,12
9595,0.896371111,34,0.785084444,11
9596,0.899000444,34,0.790212889,12
9598,0.853056413,34,0.739191032,11
9599,0.881553841,34,0.770700667,10
9600,0.841269778,33,0.748596,10
9601,0.916098381,34,0.822795778,10
9602,0.827002222,32,0.733083333,13
9604,0.802532667,34,0.599907333,10
9605,0.847920611,84,0.835381167,32
9606,0.855196,33,0.747499778,15
9607,0.884656397,32,0.742778222,16
9608,0.868594167,34,0.7999825,11
9609,0.891688108,33,0.819333333,16
9610,0.712828444,33,0.76607,10
9611,0.908256778,49,0.808729778,15
9612,0.803685556,32,0.760043889,16
9613,0.886547302,33,0.852608095,12
9614,0.849718931,34,0.81931437,9
9615,0.891963556,33,0.843835222,12
9618,0.912003995,33,0.782985745,12
9619,0.839123333,34,0.721688333,12
9620,0.840545,35,0.763419444,15
9621,0.801244934,40,0.736495556,10
9623,0.895110722,52,0.755816667,16
9624,0.836727746,32,0.699231048,11
9625,0.897018889,32,0.848547889,12
9627,0.906640111,52,0.871762667,25
9628,0.899226111,33,0.821378111,12
9630,0.879610146,33,0.791544545,12
9631,0.905974889,32,0.764939,11
9632,0.800731111,34,0.851455778,11
9633,0.878726616,32,0.836969677,12
9634,0.818695426,33,0.786926429,13
9635,0.868919841,36,0.736582148,15
9636,0.723868685,32,0.852584534,13
9637,0.885647172,34,0.836683717,15
9638,0.921725037,32,0.88190337,12
9639,0.822236667,51,0.77405,12
9640,0.866347222,32,0.736436667,15
9641,0.843403556,34,0.748008,10
9642,0.8981555,33,0.80804,16
9643,0.904650831,35,0.83632755,10
9645,0.917484762,34,0.823854762,12
9646,0.889316,33,0.852812667,19
9647,0.832187503,99,0.826457346,20
9648,0.869690879,34,0.661769838,14
9649,0.864615159,55,0.79466446,13
9650,0.892069365,34,0.787539603,12
9651,0.829949667,33,0.800181333,14
9652,0.80106,33,0.74417,15
9653,0.864175579,33,0.820235905,11
9654,0.881129444,33,0.771283778,12
9655,0.872534333,34,0.805760667,16
9656,0.864209407,46,0.870828889,10
9657,0.827771333,33,0.807105889,10
9658,0.761187143,38,0.799345238,10
9659,0.872174296,41,0.769448889,14
9660,0.853262889,69,0.744597778,28
9661,0.870179596,33,0.815869505,16
9662,0.87801263,33,0.827306578,10
9663,0.797536,34,0.788506,16
9665,0.868725926,33,0.763906667,11
9667,0.856452937,33,0.737318053,12
9668,0.869207056,34,0.791251111,9
9670,0.896121778,33,0.825452667,10
9671,0.888840624,41,0.844505947,9
9672,0.755614444,62,0.71682,16
9673,0.752622778,33,0.769168778,10
9674,0.821031286,33,0.661885595,17
9675,0.921316222,33,0.834790778,10
9676,0.866395889,34,0.828867651,10
9677,0.880689937,33,0.760901349,14
9679,0.844094667,33,0.752872667,12
9680,0.868963611,59,0.783753333,19
9681,0.940212762,37,0.78917019,13
9683,0.779326667,33,0.765886111,13
9684,0.86451227,50,0.806638889,10
9685,0.933197444,33,0.761635111,13
9686,0.875365111,33,0.439239778,27
9687,0.878725,31,0.65168,11
9688,0.87369,90,0.790287333,10
9689,0.847913222,45,0.658284333,11
9690,0.894811667,34,0.711846667,13
9691,0.895156667,32,0.784034222,15
9692,0.873213667,33,0.823312,11
9693,0.826439556,33,0.711733778,14
9694,0.912106667,40,0.860186667,9
9695,0.900137778,34,0.817684444,10
9698,0.874278333,32,0.857773333,14
9699,0.910095556,39,0.88954,12
9701,0.886386119,34,0.810406667,18
9702,0.907167341,33,0.731722222,11
9703,0.860706349,33,0.826427968,14
9704,0.897284111,32,0.830393111,11
9705,0.894262444,33,0.974128889,10
9706,0.850450095,34,0.812326381,14
9707,0.897027429,31,0.817245302,10
9708,0.762787333,34,0.786876667,11
9709,0.874202222,33,0.832382222,11
9710,0.897307262,60,0.851301476,13
9711,0.704585556,32,0.616006889,12
9712,0.827053905,34,0.787430885,13
9714,0.795345804,38,0.805608889,11
9715,0.861944698,33,0.82758627,10
9716,0.915924444,32,0.85892,13
9717,0.945584444,34,0.950705556,16
9718,0.854724963,34,0.758966667,12
9719,0.839497487,33,0.715894259,10
9720,0.788049056,50,0.718984444,14
9723,0.881635571,46,0.849626667,10
9725,0.844753968,34,0.723830476,18
9729,0.862723778,33,0.658118056,11
9730,0.896283889,34,0.782865444,11
9731,0.841372127,33,0.74447173,11
9732,0.899591627,33,0.742206667,12
9733,0.85401719,34,0.871706889,11
9736,0.896056556,38,0.818035333,10
9737,0.900092222,32,0.894657778,13
9738,0.863240476,31,0.67816881,16
9739,0.822962778,34,0.686498889,10
9740,0.91236636,34,0.8059,10
9741,0.794625333,34,0.812472667,14
9742,0.880689937,35,0.760901349,9
9743,0.8974,33,0.840206667,16
9744,0.818016841,36,0.741297127,9
9745,0.803953333,33,0.59552,11
9746,0.866304,34,0.814293333,10
9747,0.882028667,48,0.779469222,14
9748,0.72861,34,0.69583,10
9749,0.931602878,34,0.838199407,25
9751,0.870614444,33,0.855973333,15
9752,0.90470554,33,0.822282079,20
9753,0.844245333,33,0.599166667,12
9754,0.856768778,42,0.756871667,10
9755,0.805840444,32,0.759338444,13
9756,0.805170667,46,0.710934,14
9757,0.83898663,33,0.691026667,14
9758,0.838426667,33,0.773186667,15
9760,0.900101032,34,0.865637222,10
9762,0.908685778,34,0.849122,12
9764,0.926001114,38,0.858662253,10
9765,0.952514111,33,0.818935556,12
9766,0.886227288,33,0.856009167,11
9767,0.893753786,35,0.819284,10
9768,0.903881667,33,0.816916667,10
9769,0.852639937,34,0.906696651,13
9771,0.832723556,34,0.660295556,12
9772,0.878227119,33,0.839140172,15
9773,0.890515111,33,0.848628889,14
9776,0.887223677,51,0.836338889,9
9778,0.849286333,33,0.766262,10
9779,0.813620222,32,0.824350333,11
9780,0.826322177,55,0.775877778,15
9781,0.922576667,34,0.833972667,11
9782,0.868538778,33,0.757780889,27
9783,0.850678111,33,0.778541778,12
9785,0.804275556,33,0.714089444,13
9786,0.881147389,34,0.586885944,11
9787,0.932801079,33,0.913382011,13
9788,0.89745823,32,0.773274,16
9789,0.820712381,33,0.556468889,14
9790,0.834541759,33,0.778166667,10
9792,0.887828111,34,0.78894,13
9793,0.898021648,33,0.794442611,25
9795,0.793735111,34,0.619502444,12
9796,0.870226667,32,0.752922222,12
9797,0.900604026,35,0.854766926,16
9799,0.912303261,35,0.748155759,15
9801,0.874932,34,0.843846667,12
9802,0.892611579,38,0.89459019,9
9803,0.869132778,58,0.80978,10
9805,0.826342841,33,0.787188571,11
9806,0.901924444,37,0.847922381,13
9807,0.812067373,32,0.744695357,10
9808,0.833771667,33,0.733246667,16
9809,0.861461593,32,0.830874772,10
9810,0.877010926,33,0.83494,15
9812,0.834411914,35,0.696701968,10
9813,0.864082698,35,0.805176984,19
9815,0.890448333,34,0.83805,11
9816,0.878740778,33,0.815518,10
9819,0.844491944,35,0.820663056,13
9820,0.85922423,33,0.826606992,13
9821,0.887467556,34,0.841313778,19
9822,0.90276,33,0.816066667,10
9823,0.884274111,33,0.819621111,13
9824,0.929541381,34,0.87422,10
9825,0.909796619,33,0.856443333,10
9826,0.924416992,34,0.863396389,16
9827,0.877271397,32,0.782953286,11
9828,0.86779483,33,0.77169779,19
9829,0.860455611,34,0.778113889,9
9831,0.934298333,46,0.88361,14
9832,0.853600047,34,0.834392639,13
9833,0.788317619,33,0.796701238,9
9834,0.963593333,35,0.90288,13
9835,0.905296608,33,0.809097698,11
9838,0.877415556,34,0.930933333,11
9839,0.832777222,31,0.713293333,14
9840,0.695259564,32,0.612671119,12
9842,0.821030222,33,0.724222556,20
9843,0.906614421,32,0.697414481,11
9844,0.927191167,33,0.724504444,18
9845,0.89668,59,0.812533333,14
9846,0.905517389,33,0.802239889,13
9847,0.824475556,32,0.712402222,13
9848,0.843515122,34,0.805383672,13
9849,0.851757286,33,0.841289048,10
9850,0.858829203,33,0.81992963,15
9851,0.87992,34,0.746606667,10
9852,0.899300556,55,0.842144444,13
9853,0.864916944,34,0.803988889,10
9854,0.91379209,33,0.816185238,13
9855,0.848629778,32,0.779268833,20
9856,0.922374444,32,0.836886667,11
9857,0.868996442,33,0.769116272,12
9858,0.845748611,33,0.767625,11
9859,0.806168556,33,0.643510556,13
9860,0.926810635,32,0.900886429,25
9861,0.888913103,39,0.778526111,9
9862,0.88672873,34,0.838133333,10
9864,0.887422444,33,0.818808333,15
9870,0.802991778,31,0.700366667,10
9871,0.845428889,33,0.686335778,17
9872,0.780364889,32,0.593968,10
9873,0.955007556,33,0.918581333,18
9874,0.878077815,33,0.809861111,10
9875,0.799731333,36,0.617624778,12
9876,0.91694,34,0.775184667,15
9877,0.893562778,32,0.776251111,13
9878,0.856177333,36,0.802678444,9
9879,0.882496333,37,0.828154556,12
9881,0.877824873,37,0.74863381,13
9883,0.883330119,33,0.84894,11
9884,0.886446238,33,0.798455778,12
9885,0.925391571,34,0.784020984,13
9888,0.875754587,33,0.775476667,15
9889,0.889889721,35,0.796378424,11
9890,0.878868508,33,0.875226667,10
9891,0.830186667,33,0.784353333,10
9892,0.897110524,33,0.831069651,10
9893,0.949210556,44,0.868541111,12
9894,0.803445,33,0.696245,15
9895,0.903667667,34,0.735940111,14
9896,0.858607778,34,0.73398,10
9897,0.946260841,37,0.896768746,13
9898,0.918650444,34,0.898435778,26
9900,0.852021016,71,0.714926667,15
9901,0.868497778,33,0.769725778,10
9903,0.856351926,34,0.810865333,12
9904,0.886953636,52,0.872332603,10
9905,0.865836667,33,0.808818889,13
9906,0.8263965,34,0.741789778,10
9907,0.866140833,34,0.758579167,14
9908,0.873649228,34,0.768548196,17
9909,0.889133238,33,0.871076397,10
9913,0.811161712,34,0.752827889,13
9914,0.803163286,33,0.703096,11
9915,0.818427259,38,0.686235778,10
9917,0.850607333,33,0.763690889,14
9918,0.839135556,32,0.805451111,13
9920,0.802189554,43,0.81227448,14
9923,0.863302302,34,0.677694603,12
9925,0.89221973,32,0.846174968,11
9926,0.903947222,62,0.888485111,15
9927,0.934300648,31,0.849747444,13
9928,0.867588437,32,0.815923889,16
9929,0.659236667,34,0.655733333,18
9930,0.903145,60,0.803590889,15
9931,0.924861418,42,0.874127815,12
9932,0.921588571,33,0.771794286,17
9935,0.876939778,34,0.818794111,11
9936,0.884527,31,0.813718889,11
9938,0.896075638,33,0.796866667,10
9939,0.905469841,32,0.789373968,11
9940,0.828541556,57,0.806836222,15
9942,0.893658101,30,0.777629717,10
9943,0.836019259,32,0.799969444,14
9944,0.805170667,33,0.710934,11
9945,0.885890333,34,0.733633111,13
9946,0.819133667,33,0.750038778,16
9948,0.862202238,32,0.778542381,11
9949,0.851088439,32,0.769956476,10
9950,0.897948667,33,0.866677667,9
9951,0.888469444,32,0.740481714,12
9952,0.862890778,33,0.794316667,9
9954,0.889675008,34,0.798805389,11
9956,0.719874815,32,0.619884444,9
9957,0.869248,30,0.782034667,15
9958,0.875696389,33,0.769359444,10
9959,0.845474323,34,0.793837778,9
9960,0.887222127,31,0.774310227,10
9961,0.853260167,33,0.744548111,12
9963,0.783059444,31,0.786915,10
9964,0.88293625,34,0.895027718,17
9965,0.932801111,32,0.839844815,10
9966,0.890268,32,0.813095556,13
9967,0.830337778,33,0.790028889,12
9968,0.926001114,34,0.858662253,22
9969,0.746823,32,0.570693333,11
9970,0.822493333,34,0.67208,9
9971,0.902709333,33,0.79051,12
9972,0.882175889,33,0.786044,10
9974,0.773666667,33,0.687503333,11
9975,0.801448508,34,0.854726222,22
9976,0.825233667,33,0.716807786,16
9977,0.854969548,36,0.72139,15
9980,0.849290556,33,0.756513333,15
9981,0.853227061,32,0.775697993,14
9982,0.816806667,32,0.721416667,10
9983,0.903883056,34,0.852160278,11
9984,0.844839333,34,0.769035,11
9985,0.7746675,34,0.58616,28
9986,0.814230508,33,0.754754683,17
9987,0.770896,34,0.795767778,12
9988,0.875687952,32,0.840676667,11
9989,0.855173,34,0.776585,14
9990,0.931455291,34,0.859618241,24
9991,0.863229734,33,0.68408624,10
9992,0.873656833,33,0.778641389,11
9993,0.842038778,33,0.754091778,10
9994,0.82185927,50,0.80425375,10
9995,0.849704444,47,0.633002778,9
9996,0.869958275,39,0.805872323,12
9997,0.88434173,35,0.819246667,9
9998,0.857928889,33,0.778292778,10
9999,0.829168619,32,0.74074,12
10000,0.883547778,33,0.815736667,13
10001,0.891861228,33,0.800976931,11
10002,0.925168556,59,0.901952444,24
10003,0.83283,34,0.714851,11
10004,0.894966603,34,0.832444937,17
10005,0.891431,34,0.846404889,9
10006,0.902840333,34,0.816695444,12
10007,0.908591778,34,0.853370889,12
10008,0.897042444,33,0.815163111,10
